location_id,location_type,location,people_count,capacity,crowd_level,source,recorded_at
1,BUILDING,CSE Block,20,100,LOW,SIMULATED,2026-09-30T20:56:28.507350
1,BUILDING,CSE Block,28,100,LOW,SIMULATED,2026-09-30T21:56:28.507350
1,BUILDING,CSE Block,24,100,LOW,SIMULATED,2026-09-30T22:56:28.507350
1,BUILDING,CSE Block,34,100,LOW,SIMULATED,2026-09-30T23:56:28.507350
1,BUILDING,CSE Block,21,100,LOW,SIMULATED,2026-10-01T00:56:28.507350
1,BUILDING,CSE Block,18,100,LOW,SIMULATED,2026-10-01T01:56:28.507350
1,BUILDING,CSE Block,28,100,LOW,SIMULATED,2026-10-01T02:56:28.507350
1,BUILDING,CSE Block,32,100,LOW,SIMULATED,2026-10-01T03:56:28.507350
1,BUILDING,CSE Block,32,100,LOW,SIMULATED,2026-10-01T04:56:28.507350
1,BUILDING,CSE Block,26,100,LOW,SIMULATED,2026-10-01T05:56:28.507350
1,BUILDING,CSE Block,17,100,LOW,SIMULATED,2026-10-01T06:56:28.507350
1,BUILDING,CSE Block,31,100,LOW,SIMULATED,2026-10-01T07:56:28.507350
1,BUILDING,CSE Block,39,100,LOW,SIMULATED,2026-10-01T08:56:28.507350
1,BUILDING,CSE Block,21,100,LOW,SIMULATED,2026-10-01T09:56:28.507350
1,BUILDING,CSE Block,52,100,MEDIUM,SIMULATED,2026-10-01T10:56:28.507350
1,BUILDING,CSE Block,54,100,MEDIUM,SIMULATED,2026-10-01T11:56:28.507350
1,BUILDING,CSE Block,72,100,HIGH,SIMULATED,2026-10-01T12:56:28.507350
1,BUILDING,CSE Block,76,100,HIGH,SIMULATED,2026-10-01T13:56:28.507350
1,BUILDING,CSE Block,78,100,HIGH,SIMULATED,2026-10-01T14:56:28.507350
1,BUILDING,CSE Block,93,100,HIGH,SIMULATED,2026-10-01T15:56:28.507350
1,BUILDING,CSE Block,64,100,MEDIUM,SIMULATED,2026-10-01T16:56:28.507350
1,BUILDING,CSE Block,51,100,MEDIUM,SIMULATED,2026-10-01T17:56:28.507350
1,BUILDING,CSE Block,25,100,LOW,SIMULATED,2026-10-01T18:56:28.507350
1,BUILDING,CSE Block,19,100,LOW,SIMULATED,2026-10-01T19:56:28.507350
1,BUILDING,CSE Block,19,100,LOW,SIMULATED,2026-10-01T20:56:28.507350
1,BUILDING,CSE Block,17,100,LOW,SIMULATED,2026-10-01T21:56:28.507350
1,BUILDING,CSE Block,16,100,LOW,SIMULATED,2026-10-01T22:56:28.507350
1,BUILDING,CSE Block,15,100,LOW,SIMULATED,2026-10-01T23:56:28.507350
1,BUILDING,CSE Block,26,100,LOW,SIMULATED,2026-10-02T00:56:28.507350
1,BUILDING,CSE Block,24,100,LOW,SIMULATED,2026-10-02T01:56:28.507350
1,BUILDING,CSE Block,34,100,LOW,SIMULATED,2026-10-02T02:56:28.507350
1,BUILDING,CSE Block,17,100,LOW,SIMULATED,2026-10-02T03:56:28.507350
1,BUILDING,CSE Block,18,100,LOW,SIMULATED,2026-10-02T04:56:28.507350
1,BUILDING,CSE Block,25,100,LOW,SIMULATED,2026-10-02T05:56:28.507350
1,BUILDING,CSE Block,24,100,LOW,SIMULATED,2026-10-02T06:56:28.507350
1,BUILDING,CSE Block,28,100,LOW,SIMULATED,2026-10-02T07:56:28.507350
1,BUILDING,CSE Block,39,100,LOW,SIMULATED,2026-10-02T08:56:28.507350
1,BUILDING,CSE Block,32,100,LOW,SIMULATED,2026-10-02T09:56:28.507350
1,BUILDING,CSE Block,45,100,MEDIUM,SIMULATED,2026-10-02T10:56:28.507350
1,BUILDING,CSE Block,44,100,MEDIUM,SIMULATED,2026-10-02T11:56:28.507350
1,BUILDING,CSE Block,67,100,MEDIUM,SIMULATED,2026-10-02T12:56:28.507350
1,BUILDING,CSE Block,65,100,MEDIUM,SIMULATED,2026-10-02T13:56:28.507350
1,BUILDING,CSE Block,94,100,HIGH,SIMULATED,2026-10-02T14:56:28.507350
1,BUILDING,CSE Block,88,100,HIGH,SIMULATED,2026-10-02T15:56:28.507350
1,BUILDING,CSE Block,50,100,MEDIUM,SIMULATED,2026-10-02T16:56:28.507350
1,BUILDING,CSE Block,46,100,MEDIUM,SIMULATED,2026-10-02T17:56:28.507350
1,BUILDING,CSE Block,24,100,LOW,SIMULATED,2026-10-02T18:56:28.507350
1,BUILDING,CSE Block,15,100,LOW,SIMULATED,2026-10-02T19:56:28.507350
1,BUILDING,CSE Block,30,100,LOW,SIMULATED,2026-10-02T20:56:28.507350
1,BUILDING,CSE Block,24,100,LOW,SIMULATED,2026-10-02T21:56:28.507350
1,BUILDING,CSE Block,32,100,LOW,SIMULATED,2026-10-02T22:56:28.507350
1,BUILDING,CSE Block,32,100,LOW,SIMULATED,2026-10-02T23:56:28.507350
1,BUILDING,CSE Block,33,100,LOW,SIMULATED,2026-10-03T00:56:28.507350
1,BUILDING,CSE Block,21,100,LOW,SIMULATED,2026-10-03T01:56:28.507350
1,BUILDING,CSE Block,24,100,LOW,SIMULATED,2026-10-03T02:56:28.507350
1,BUILDING,CSE Block,23,100,LOW,SIMULATED,2026-10-03T03:56:28.507350
1,BUILDING,CSE Block,24,100,LOW,SIMULATED,2026-10-03T04:56:28.507350
1,BUILDING,CSE Block,29,100,LOW,SIMULATED,2026-10-03T05:56:28.507350
1,BUILDING,CSE Block,26,100,LOW,SIMULATED,2026-10-03T06:56:28.507350
1,BUILDING,CSE Block,18,100,LOW,SIMULATED,2026-10-03T07:56:28.507350
1,BUILDING,CSE Block,29,100,LOW,SIMULATED,2026-10-03T08:56:28.507350
1,BUILDING,CSE Block,26,100,LOW,SIMULATED,2026-10-03T09:56:28.507350
1,BUILDING,CSE Block,43,100,MEDIUM,SIMULATED,2026-10-03T10:56:28.507350
1,BUILDING,CSE Block,42,100,MEDIUM,SIMULATED,2026-10-03T11:56:28.507350
1,BUILDING,CSE Block,68,100,MEDIUM,SIMULATED,2026-10-03T12:56:28.507350
1,BUILDING,CSE Block,80,100,HIGH,SIMULATED,2026-10-03T13:56:28.507350
1,BUILDING,CSE Block,83,100,HIGH,SIMULATED,2026-10-03T14:56:28.507350
1,BUILDING,CSE Block,84,100,HIGH,SIMULATED,2026-10-03T15:56:28.507350
1,BUILDING,CSE Block,47,100,MEDIUM,SIMULATED,2026-10-03T16:56:28.507350
1,BUILDING,CSE Block,62,100,MEDIUM,SIMULATED,2026-10-03T17:56:28.507350
1,BUILDING,CSE Block,17,100,LOW,SIMULATED,2026-10-03T18:56:28.507350
1,BUILDING,CSE Block,23,100,LOW,SIMULATED,2026-10-03T19:56:28.507350
1,BUILDING,CSE Block,18,100,LOW,SIMULATED,2026-10-03T20:56:28.507350
1,BUILDING,CSE Block,22,100,LOW,SIMULATED,2026-10-03T21:56:28.507350
1,BUILDING,CSE Block,28,100,LOW,SIMULATED,2026-10-03T22:56:28.507350
1,BUILDING,CSE Block,19,100,LOW,SIMULATED,2026-10-03T23:56:28.507350
1,BUILDING,CSE Block,22,100,LOW,SIMULATED,2026-10-04T00:56:28.507350
1,BUILDING,CSE Block,17,100,LOW,SIMULATED,2026-10-04T01:56:28.507350
1,BUILDING,CSE Block,32,100,LOW,SIMULATED,2026-10-04T02:56:28.507350
1,BUILDING,CSE Block,30,100,LOW,SIMULATED,2026-10-04T03:56:28.507350
1,BUILDING,CSE Block,33,100,LOW,SIMULATED,2026-10-04T04:56:28.507350
1,BUILDING,CSE Block,18,100,LOW,SIMULATED,2026-10-04T05:56:28.507350
1,BUILDING,CSE Block,25,100,LOW,SIMULATED,2026-10-04T06:56:28.507350
1,BUILDING,CSE Block,27,100,LOW,SIMULATED,2026-10-04T07:56:28.507350
1,BUILDING,CSE Block,29,100,LOW,SIMULATED,2026-10-04T08:56:28.507350
1,BUILDING,CSE Block,31,100,LOW,SIMULATED,2026-10-04T09:56:28.507350
1,BUILDING,CSE Block,47,100,MEDIUM,SIMULATED,2026-10-04T10:56:28.507350
1,BUILDING,CSE Block,59,100,MEDIUM,SIMULATED,2026-10-04T11:56:28.507350
1,BUILDING,CSE Block,80,100,HIGH,SIMULATED,2026-10-04T12:56:28.507350
1,BUILDING,CSE Block,79,100,HIGH,SIMULATED,2026-10-04T13:56:28.507350
1,BUILDING,CSE Block,80,100,HIGH,SIMULATED,2026-10-04T14:56:28.507350
1,BUILDING,CSE Block,90,100,HIGH,SIMULATED,2026-10-04T15:56:28.507350
1,BUILDING,CSE Block,49,100,MEDIUM,SIMULATED,2026-10-04T16:56:28.507350
1,BUILDING,CSE Block,57,100,MEDIUM,SIMULATED,2026-10-04T17:56:28.507350
1,BUILDING,CSE Block,18,100,LOW,SIMULATED,2026-10-04T18:56:28.507350
1,BUILDING,CSE Block,15,100,LOW,SIMULATED,2026-10-04T19:56:28.507350
1,BUILDING,CSE Block,23,100,LOW,SIMULATED,2026-10-04T20:56:28.507350
1,BUILDING,CSE Block,26,100,LOW,SIMULATED,2026-10-04T21:56:28.507350
1,BUILDING,CSE Block,33,100,LOW,SIMULATED,2026-10-04T22:56:28.507350
1,BUILDING,CSE Block,23,100,LOW,SIMULATED,2026-10-04T23:56:28.507350
2,BUILDING,Library,26,150,LOW,SIMULATED,2026-09-30T20:56:28.507350
2,BUILDING,Library,38,150,LOW,SIMULATED,2026-09-30T21:56:28.507350
2,BUILDING,Library,26,150,LOW,SIMULATED,2026-09-30T22:56:28.507350
2,BUILDING,Library,39,150,LOW,SIMULATED,2026-09-30T23:56:28.507350
2,BUILDING,Library,29,150,LOW,SIMULATED,2026-10-01T00:56:28.507350
2,BUILDING,Library,34,150,LOW,SIMULATED,2026-10-01T01:56:28.507350
2,BUILDING,Library,41,150,LOW,SIMULATED,2026-10-01T02:56:28.507350
2,BUILDING,Library,34,150,LOW,SIMULATED,2026-10-01T03:56:28.507350
2,BUILDING,Library,32,150,LOW,SIMULATED,2026-10-01T04:56:28.507350
2,BUILDING,Library,35,150,LOW,SIMULATED,2026-10-01T05:56:28.507350
2,BUILDING,Library,42,150,LOW,SIMULATED,2026-10-01T06:56:28.507350
2,BUILDING,Library,22,150,LOW,SIMULATED,2026-10-01T07:56:28.507350
2,BUILDING,Library,34,150,LOW,SIMULATED,2026-10-01T08:56:28.507350
2,BUILDING,Library,55,150,LOW,SIMULATED,2026-10-01T09:56:28.507350
2,BUILDING,Library,79,150,MEDIUM,SIMULATED,2026-10-01T10:56:28.507350
2,BUILDING,Library,65,150,MEDIUM,SIMULATED,2026-10-01T11:56:28.507350
2,BUILDING,Library,123,150,HIGH,SIMULATED,2026-10-01T12:56:28.507350
2,BUILDING,Library,117,150,HIGH,SIMULATED,2026-10-01T13:56:28.507350
2,BUILDING,Library,118,150,HIGH,SIMULATED,2026-10-01T14:56:28.507350
2,BUILDING,Library,124,150,HIGH,SIMULATED,2026-10-01T15:56:28.507350
2,BUILDING,Library,88,150,MEDIUM,SIMULATED,2026-10-01T16:56:28.507350
2,BUILDING,Library,73,150,MEDIUM,SIMULATED,2026-10-01T17:56:28.507350
2,BUILDING,Library,34,150,LOW,SIMULATED,2026-10-01T18:56:28.507350
2,BUILDING,Library,24,150,LOW,SIMULATED,2026-10-01T19:56:28.507350
2,BUILDING,Library,23,150,LOW,SIMULATED,2026-10-01T20:56:28.507350
2,BUILDING,Library,36,150,LOW,SIMULATED,2026-10-01T21:56:28.507350
2,BUILDING,Library,47,150,LOW,SIMULATED,2026-10-01T22:56:28.507350
2,BUILDING,Library,31,150,LOW,SIMULATED,2026-10-01T23:56:28.507350
2,BUILDING,Library,26,150,LOW,SIMULATED,2026-10-02T00:56:28.507350
2,BUILDING,Library,28,150,LOW,SIMULATED,2026-10-02T01:56:28.507350
2,BUILDING,Library,33,150,LOW,SIMULATED,2026-10-02T02:56:28.507350
2,BUILDING,Library,27,150,LOW,SIMULATED,2026-10-02T03:56:28.507350
2,BUILDING,Library,29,150,LOW,SIMULATED,2026-10-02T04:56:28.507350
2,BUILDING,Library,34,150,LOW,SIMULATED,2026-10-02T05:56:28.507350
2,BUILDING,Library,41,150,LOW,SIMULATED,2026-10-02T06:56:28.507350
2,BUILDING,Library,47,150,LOW,SIMULATED,2026-10-02T07:56:28.507350
2,BUILDING,Library,39,150,LOW,SIMULATED,2026-10-02T08:56:28.507350
2,BUILDING,Library,38,150,LOW,SIMULATED,2026-10-02T09:56:28.507350
2,BUILDING,Library,87,150,MEDIUM,SIMULATED,2026-10-02T10:56:28.507350
2,BUILDING,Library,63,150,MEDIUM,SIMULATED,2026-10-02T11:56:28.507350
2,BUILDING,Library,116,150,HIGH,SIMULATED,2026-10-02T12:56:28.507350
2,BUILDING,Library,113,150,HIGH,SIMULATED,2026-10-02T13:56:28.507350
2,BUILDING,Library,115,150,HIGH,SIMULATED,2026-10-02T14:56:28.507350
2,BUILDING,Library,126,150,HIGH,SIMULATED,2026-10-02T15:56:28.507350
2,BUILDING,Library,91,150,MEDIUM,SIMULATED,2026-10-02T16:56:28.507350
2,BUILDING,Library,72,150,MEDIUM,SIMULATED,2026-10-02T17:56:28.507350
2,BUILDING,Library,27,150,LOW,SIMULATED,2026-10-02T18:56:28.507350
2,BUILDING,Library,27,150,LOW,SIMULATED,2026-10-02T19:56:28.507350
2,BUILDING,Library,41,150,LOW,SIMULATED,2026-10-02T20:56:28.507350
2,BUILDING,Library,32,150,LOW,SIMULATED,2026-10-02T21:56:28.507350
2,BUILDING,Library,40,150,LOW,SIMULATED,2026-10-02T22:56:28.507350
2,BUILDING,Library,41,150,LOW,SIMULATED,2026-10-02T23:56:28.507350
2,BUILDING,Library,24,150,LOW,SIMULATED,2026-10-03T00:56:28.507350
2,BUILDING,Library,23,150,LOW,SIMULATED,2026-10-03T01:56:28.507350
2,BUILDING,Library,46,150,LOW,SIMULATED,2026-10-03T02:56:28.507350
2,BUILDING,Library,36,150,LOW,SIMULATED,2026-10-03T03:56:28.507350
2,BUILDING,Library,28,150,LOW,SIMULATED,2026-10-03T04:56:28.507350
2,BUILDING,Library,48,150,LOW,SIMULATED,2026-10-03T05:56:28.507350
2,BUILDING,Library,45,150,LOW,SIMULATED,2026-10-03T06:56:28.507350
2,BUILDING,Library,33,150,LOW,SIMULATED,2026-10-03T07:56:28.507350
2,BUILDING,Library,56,150,LOW,SIMULATED,2026-10-03T08:56:28.507350
2,BUILDING,Library,47,150,LOW,SIMULATED,2026-10-03T09:56:28.507350
2,BUILDING,Library,76,150,MEDIUM,SIMULATED,2026-10-03T10:56:28.507350
2,BUILDING,Library,88,150,MEDIUM,SIMULATED,2026-10-03T11:56:28.507350
2,BUILDING,Library,111,150,HIGH,SIMULATED,2026-10-03T12:56:28.507350
2,BUILDING,Library,99,150,MEDIUM,SIMULATED,2026-10-03T13:56:28.507350
2,BUILDING,Library,141,150,HIGH,SIMULATED,2026-10-03T14:56:28.507350
2,BUILDING,Library,129,150,HIGH,SIMULATED,2026-10-03T15:56:28.507350
2,BUILDING,Library,88,150,MEDIUM,SIMULATED,2026-10-03T16:56:28.507350
2,BUILDING,Library,69,150,MEDIUM,SIMULATED,2026-10-03T17:56:28.507350
2,BUILDING,Library,40,150,LOW,SIMULATED,2026-10-03T18:56:28.507350
2,BUILDING,Library,36,150,LOW,SIMULATED,2026-10-03T19:56:28.507350
2,BUILDING,Library,30,150,LOW,SIMULATED,2026-10-03T20:56:28.507350
2,BUILDING,Library,48,150,LOW,SIMULATED,2026-10-03T21:56:28.507350
2,BUILDING,Library,48,150,LOW,SIMULATED,2026-10-03T22:56:28.507350
2,BUILDING,Library,24,150,LOW,SIMULATED,2026-10-03T23:56:28.507350
2,BUILDING,Library,29,150,LOW,SIMULATED,2026-10-04T00:56:28.507350
2,BUILDING,Library,47,150,LOW,SIMULATED,2026-10-04T01:56:28.507350
2,BUILDING,Library,46,150,LOW,SIMULATED,2026-10-04T02:56:28.507350
2,BUILDING,Library,28,150,LOW,SIMULATED,2026-10-04T03:56:28.507350
2,BUILDING,Library,23,150,LOW,SIMULATED,2026-10-04T04:56:28.507350
2,BUILDING,Library,51,150,LOW,SIMULATED,2026-10-04T05:56:28.507350
2,BUILDING,Library,35,150,LOW,SIMULATED,2026-10-04T06:56:28.507350
2,BUILDING,Library,39,150,LOW,SIMULATED,2026-10-04T07:56:28.507350
2,BUILDING,Library,59,150,LOW,SIMULATED,2026-10-04T08:56:28.507350
2,BUILDING,Library,34,150,LOW,SIMULATED,2026-10-04T09:56:28.507350
2,BUILDING,Library,79,150,MEDIUM,SIMULATED,2026-10-04T10:56:28.507350
2,BUILDING,Library,85,150,MEDIUM,SIMULATED,2026-10-04T11:56:28.507350
2,BUILDING,Library,110,150,HIGH,SIMULATED,2026-10-04T12:56:28.507350
2,BUILDING,Library,125,150,HIGH,SIMULATED,2026-10-04T13:56:28.507350
2,BUILDING,Library,131,150,HIGH,SIMULATED,2026-10-04T14:56:28.507350
2,BUILDING,Library,130,150,HIGH,SIMULATED,2026-10-04T15:56:28.507350
2,BUILDING,Library,96,150,MEDIUM,SIMULATED,2026-10-04T16:56:28.507350
2,BUILDING,Library,80,150,MEDIUM,SIMULATED,2026-10-04T17:56:28.507350
2,BUILDING,Library,30,150,LOW,SIMULATED,2026-10-04T18:56:28.507350
2,BUILDING,Library,38,150,LOW,SIMULATED,2026-10-04T19:56:28.507350
2,BUILDING,Library,32,150,LOW,SIMULATED,2026-10-04T20:56:28.507350
2,BUILDING,Library,40,150,LOW,SIMULATED,2026-10-04T21:56:28.507350
2,BUILDING,Library,51,150,LOW,SIMULATED,2026-10-04T22:56:28.507350
2,BUILDING,Library,42,150,LOW,SIMULATED,2026-10-04T23:56:28.507350
3,BUILDING,Cafeteria,18,120,LOW,SIMULATED,2026-09-30T20:56:28.507350
3,BUILDING,Cafeteria,34,120,LOW,SIMULATED,2026-09-30T21:56:28.507350
3,BUILDING,Cafeteria,23,120,LOW,SIMULATED,2026-09-30T22:56:28.507350
3,BUILDING,Cafeteria,30,120,LOW,SIMULATED,2026-09-30T23:56:28.507350
3,BUILDING,Cafeteria,22,120,LOW,SIMULATED,2026-10-01T00:56:28.507350
3,BUILDING,Cafeteria,31,120,LOW,SIMULATED,2026-10-01T01:56:28.507350
3,BUILDING,Cafeteria,19,120,LOW,SIMULATED,2026-10-01T02:56:28.507350
3,BUILDING,Cafeteria,18,120,LOW,SIMULATED,2026-10-01T03:56:28.507350
3,BUILDING,Cafeteria,39,120,LOW,SIMULATED,2026-10-01T04:56:28.507350
3,BUILDING,Cafeteria,18,120,LOW,SIMULATED,2026-10-01T05:56:28.507350
3,BUILDING,Cafeteria,31,120,LOW,SIMULATED,2026-10-01T06:56:28.507350
3,BUILDING,Cafeteria,26,120,LOW,SIMULATED,2026-10-01T07:56:28.507350
3,BUILDING,Cafeteria,34,120,LOW,SIMULATED,2026-10-01T08:56:28.507350
3,BUILDING,Cafeteria,26,120,LOW,SIMULATED,2026-10-01T09:56:28.507350
3,BUILDING,Cafeteria,51,120,MEDIUM,SIMULATED,2026-10-01T10:56:28.507350
3,BUILDING,Cafeteria,54,120,MEDIUM,SIMULATED,2026-10-01T11:56:28.507350
3,BUILDING,Cafeteria,94,120,HIGH,SIMULATED,2026-10-01T12:56:28.507350
3,BUILDING,Cafeteria,89,120,HIGH,SIMULATED,2026-10-01T13:56:28.507350
3,BUILDING,Cafeteria,95,120,HIGH,SIMULATED,2026-10-01T14:56:28.507350
3,BUILDING,Cafeteria,97,120,HIGH,SIMULATED,2026-10-01T15:56:28.507350
3,BUILDING,Cafeteria,58,120,MEDIUM,SIMULATED,2026-10-01T16:56:28.507350
3,BUILDING,Cafeteria,62,120,MEDIUM,SIMULATED,2026-10-01T17:56:28.507350
3,BUILDING,Cafeteria,23,120,LOW,SIMULATED,2026-10-01T18:56:28.507350
3,BUILDING,Cafeteria,41,120,LOW,SIMULATED,2026-10-01T19:56:28.507350
3,BUILDING,Cafeteria,26,120,LOW,SIMULATED,2026-10-01T20:56:28.507350
3,BUILDING,Cafeteria,35,120,LOW,SIMULATED,2026-10-01T21:56:28.507350
3,BUILDING,Cafeteria,37,120,LOW,SIMULATED,2026-10-01T22:56:28.507350
3,BUILDING,Cafeteria,33,120,LOW,SIMULATED,2026-10-01T23:56:28.507350
3,BUILDING,Cafeteria,22,120,LOW,SIMULATED,2026-10-02T00:56:28.507350
3,BUILDING,Cafeteria,20,120,LOW,SIMULATED,2026-10-02T01:56:28.507350
3,BUILDING,Cafeteria,20,120,LOW,SIMULATED,2026-10-02T02:56:28.507350
3,BUILDING,Cafeteria,35,120,LOW,SIMULATED,2026-10-02T03:56:28.507350
3,BUILDING,Cafeteria,36,120,LOW,SIMULATED,2026-10-02T04:56:28.507350
3,BUILDING,Cafeteria,32,120,LOW,SIMULATED,2026-10-02T05:56:28.507350
3,BUILDING,Cafeteria,40,120,LOW,SIMULATED,2026-10-02T06:56:28.507350
3,BUILDING,Cafeteria,33,120,LOW,SIMULATED,2026-10-02T07:56:28.507350
3,BUILDING,Cafeteria,29,120,LOW,SIMULATED,2026-10-02T08:56:28.507350
3,BUILDING,Cafeteria,30,120,LOW,SIMULATED,2026-10-02T09:56:28.507350
3,BUILDING,Cafeteria,65,120,MEDIUM,SIMULATED,2026-10-02T10:56:28.507350
3,BUILDING,Cafeteria,67,120,MEDIUM,SIMULATED,2026-10-02T11:56:28.507350
3,BUILDING,Cafeteria,92,120,HIGH,SIMULATED,2026-10-02T12:56:28.507350
3,BUILDING,Cafeteria,88,120,HIGH,SIMULATED,2026-10-02T13:56:28.507350
3,BUILDING,Cafeteria,103,120,HIGH,SIMULATED,2026-10-02T14:56:28.507350
3,BUILDING,Cafeteria,92,120,HIGH,SIMULATED,2026-10-02T15:56:28.507350
3,BUILDING,Cafeteria,66,120,MEDIUM,SIMULATED,2026-10-02T16:56:28.507350
3,BUILDING,Cafeteria,56,120,MEDIUM,SIMULATED,2026-10-02T17:56:28.507350
3,BUILDING,Cafeteria,39,120,LOW,SIMULATED,2026-10-02T18:56:28.507350
3,BUILDING,Cafeteria,25,120,LOW,SIMULATED,2026-10-02T19:56:28.507350
3,BUILDING,Cafeteria,32,120,LOW,SIMULATED,2026-10-02T20:56:28.507350
3,BUILDING,Cafeteria,35,120,LOW,SIMULATED,2026-10-02T21:56:28.507350
3,BUILDING,Cafeteria,34,120,LOW,SIMULATED,2026-10-02T22:56:28.507350
3,BUILDING,Cafeteria,18,120,LOW,SIMULATED,2026-10-02T23:56:28.507350
3,BUILDING,Cafeteria,20,120,LOW,SIMULATED,2026-10-03T00:56:28.507350
3,BUILDING,Cafeteria,22,120,LOW,SIMULATED,2026-10-03T01:56:28.507350
3,BUILDING,Cafeteria,25,120,LOW,SIMULATED,2026-10-03T02:56:28.507350
3,BUILDING,Cafeteria,21,120,LOW,SIMULATED,2026-10-03T03:56:28.507350
3,BUILDING,Cafeteria,41,120,LOW,SIMULATED,2026-10-03T04:56:28.507350
3,BUILDING,Cafeteria,24,120,LOW,SIMULATED,2026-10-03T05:56:28.507350
3,BUILDING,Cafeteria,30,120,LOW,SIMULATED,2026-10-03T06:56:28.507350
3,BUILDING,Cafeteria,20,120,LOW,SIMULATED,2026-10-03T07:56:28.507350
3,BUILDING,Cafeteria,42,120,LOW,SIMULATED,2026-10-03T08:56:28.507350
3,BUILDING,Cafeteria,40,120,LOW,SIMULATED,2026-10-03T09:56:28.507350
3,BUILDING,Cafeteria,67,120,MEDIUM,SIMULATED,2026-10-03T10:56:28.507350
3,BUILDING,Cafeteria,60,120,MEDIUM,SIMULATED,2026-10-03T11:56:28.507350
3,BUILDING,Cafeteria,89,120,HIGH,SIMULATED,2026-10-03T12:56:28.507350
3,BUILDING,Cafeteria,95,120,HIGH,SIMULATED,2026-10-03T13:56:28.507350
3,BUILDING,Cafeteria,108,120,HIGH,SIMULATED,2026-10-03T14:56:28.507350
3,BUILDING,Cafeteria,104,120,HIGH,SIMULATED,2026-10-03T15:56:28.507350
3,BUILDING,Cafeteria,67,120,MEDIUM,SIMULATED,2026-10-03T16:56:28.507350
3,BUILDING,Cafeteria,77,120,MEDIUM,SIMULATED,2026-10-03T17:56:28.507350
3,BUILDING,Cafeteria,36,120,LOW,SIMULATED,2026-10-03T18:56:28.507350
3,BUILDING,Cafeteria,25,120,LOW,SIMULATED,2026-10-03T19:56:28.507350
3,BUILDING,Cafeteria,25,120,LOW,SIMULATED,2026-10-03T20:56:28.507350
3,BUILDING,Cafeteria,41,120,LOW,SIMULATED,2026-10-03T21:56:28.507350
3,BUILDING,Cafeteria,39,120,LOW,SIMULATED,2026-10-03T22:56:28.507350
3,BUILDING,Cafeteria,26,120,LOW,SIMULATED,2026-10-03T23:56:28.507350
3,BUILDING,Cafeteria,33,120,LOW,SIMULATED,2026-10-04T00:56:28.507350
3,BUILDING,Cafeteria,31,120,LOW,SIMULATED,2026-10-04T01:56:28.507350
3,BUILDING,Cafeteria,23,120,LOW,SIMULATED,2026-10-04T02:56:28.507350
3,BUILDING,Cafeteria,23,120,LOW,SIMULATED,2026-10-04T03:56:28.507350
3,BUILDING,Cafeteria,39,120,LOW,SIMULATED,2026-10-04T04:56:28.507350
3,BUILDING,Cafeteria,39,120,LOW,SIMULATED,2026-10-04T05:56:28.507350
3,BUILDING,Cafeteria,38,120,LOW,SIMULATED,2026-10-04T06:56:28.507350
3,BUILDING,Cafeteria,27,120,LOW,SIMULATED,2026-10-04T07:56:28.507350
3,BUILDING,Cafeteria,35,120,LOW,SIMULATED,2026-10-04T08:56:28.507350
3,BUILDING,Cafeteria,31,120,LOW,SIMULATED,2026-10-04T09:56:28.507350
3,BUILDING,Cafeteria,68,120,MEDIUM,SIMULATED,2026-10-04T10:56:28.507350
3,BUILDING,Cafeteria,55,120,MEDIUM,SIMULATED,2026-10-04T11:56:28.507350
3,BUILDING,Cafeteria,88,120,HIGH,SIMULATED,2026-10-04T12:56:28.507350
3,BUILDING,Cafeteria,90,120,HIGH,SIMULATED,2026-10-04T13:56:28.507350
3,BUILDING,Cafeteria,95,120,HIGH,SIMULATED,2026-10-04T14:56:28.507350
3,BUILDING,Cafeteria,94,120,HIGH,SIMULATED,2026-10-04T15:56:28.507350
3,BUILDING,Cafeteria,64,120,MEDIUM,SIMULATED,2026-10-04T16:56:28.507350
3,BUILDING,Cafeteria,66,120,MEDIUM,SIMULATED,2026-10-04T17:56:28.507350
3,BUILDING,Cafeteria,23,120,LOW,SIMULATED,2026-10-04T18:56:28.507350
3,BUILDING,Cafeteria,36,120,LOW,SIMULATED,2026-10-04T19:56:28.507350
3,BUILDING,Cafeteria,19,120,LOW,SIMULATED,2026-10-04T20:56:28.507350
3,BUILDING,Cafeteria,21,120,LOW,SIMULATED,2026-10-04T21:56:28.507350
3,BUILDING,Cafeteria,35,120,LOW,SIMULATED,2026-10-04T22:56:28.507350
3,BUILDING,Cafeteria,41,120,LOW,SIMULATED,2026-10-04T23:56:28.507350
4,BUILDING,Main Block,66,200,LOW,SIMULATED,2026-09-30T20:56:28.507350
4,BUILDING,Main Block,42,200,LOW,SIMULATED,2026-09-30T21:56:28.507350
4,BUILDING,Main Block,54,200,LOW,SIMULATED,2026-09-30T22:56:28.507350
4,BUILDING,Main Block,63,200,LOW,SIMULATED,2026-09-30T23:56:28.507350
4,BUILDING,Main Block,35,200,LOW,SIMULATED,2026-10-01T00:56:28.507350
4,BUILDING,Main Block,67,200,LOW,SIMULATED,2026-10-01T01:56:28.507350
4,BUILDING,Main Block,41,200,LOW,SIMULATED,2026-10-01T02:56:28.507350
4,BUILDING,Main Block,67,200,LOW,SIMULATED,2026-10-01T03:56:28.507350
4,BUILDING,Main Block,56,200,LOW,SIMULATED,2026-10-01T04:56:28.507350
4,BUILDING,Main Block,42,200,LOW,SIMULATED,2026-10-01T05:56:28.507350
4,BUILDING,Main Block,64,200,LOW,SIMULATED,2026-10-01T06:56:28.507350
4,BUILDING,Main Block,69,200,LOW,SIMULATED,2026-10-01T07:56:28.507350
4,BUILDING,Main Block,65,200,LOW,SIMULATED,2026-10-01T08:56:28.507350
4,BUILDING,Main Block,61,200,LOW,SIMULATED,2026-10-01T09:56:28.507350
4,BUILDING,Main Block,119,200,MEDIUM,SIMULATED,2026-10-01T10:56:28.507350
4,BUILDING,Main Block,100,200,MEDIUM,SIMULATED,2026-10-01T11:56:28.507350
4,BUILDING,Main Block,158,200,HIGH,SIMULATED,2026-10-01T12:56:28.507350
4,BUILDING,Main Block,151,200,HIGH,SIMULATED,2026-10-01T13:56:28.507350
4,BUILDING,Main Block,164,200,HIGH,SIMULATED,2026-10-01T14:56:28.507350
4,BUILDING,Main Block,154,200,HIGH,SIMULATED,2026-10-01T15:56:28.507350
4,BUILDING,Main Block,95,200,MEDIUM,SIMULATED,2026-10-01T16:56:28.507350
4,BUILDING,Main Block,118,200,MEDIUM,SIMULATED,2026-10-01T17:56:28.507350
4,BUILDING,Main Block,37,200,LOW,SIMULATED,2026-10-01T18:56:28.507350
4,BUILDING,Main Block,69,200,LOW,SIMULATED,2026-10-01T19:56:28.507350
4,BUILDING,Main Block,65,200,LOW,SIMULATED,2026-10-01T20:56:28.507350
4,BUILDING,Main Block,46,200,LOW,SIMULATED,2026-10-01T21:56:28.507350
4,BUILDING,Main Block,30,200,LOW,SIMULATED,2026-10-01T22:56:28.507350
4,BUILDING,Main Block,48,200,LOW,SIMULATED,2026-10-01T23:56:28.507350
4,BUILDING,Main Block,68,200,LOW,SIMULATED,2026-10-02T00:56:28.507350
4,BUILDING,Main Block,38,200,LOW,SIMULATED,2026-10-02T01:56:28.507350
4,BUILDING,Main Block,33,200,LOW,SIMULATED,2026-10-02T02:56:28.507350
4,BUILDING,Main Block,33,200,LOW,SIMULATED,2026-10-02T03:56:28.507350
4,BUILDING,Main Block,41,200,LOW,SIMULATED,2026-10-02T04:56:28.507350
4,BUILDING,Main Block,37,200,LOW,SIMULATED,2026-10-02T05:56:28.507350
4,BUILDING,Main Block,67,200,LOW,SIMULATED,2026-10-02T06:56:28.507350
4,BUILDING,Main Block,63,200,LOW,SIMULATED,2026-10-02T07:56:28.507350
4,BUILDING,Main Block,43,200,LOW,SIMULATED,2026-10-02T08:56:28.507350
4,BUILDING,Main Block,51,200,LOW,SIMULATED,2026-10-02T09:56:28.507350
4,BUILDING,Main Block,115,200,MEDIUM,SIMULATED,2026-10-02T10:56:28.507350
4,BUILDING,Main Block,103,200,MEDIUM,SIMULATED,2026-10-02T11:56:28.507350
4,BUILDING,Main Block,168,200,HIGH,SIMULATED,2026-10-02T12:56:28.507350
4,BUILDING,Main Block,149,200,HIGH,SIMULATED,2026-10-02T13:56:28.507350
4,BUILDING,Main Block,157,200,HIGH,SIMULATED,2026-10-02T14:56:28.507350
4,BUILDING,Main Block,176,200,HIGH,SIMULATED,2026-10-02T15:56:28.507350
4,BUILDING,Main Block,119,200,MEDIUM,SIMULATED,2026-10-02T16:56:28.507350
4,BUILDING,Main Block,106,200,MEDIUM,SIMULATED,2026-10-02T17:56:28.507350
4,BUILDING,Main Block,42,200,LOW,SIMULATED,2026-10-02T18:56:28.507350
4,BUILDING,Main Block,61,200,LOW,SIMULATED,2026-10-02T19:56:28.507350
4,BUILDING,Main Block,55,200,LOW,SIMULATED,2026-10-02T20:56:28.507350
4,BUILDING,Main Block,49,200,LOW,SIMULATED,2026-10-02T21:56:28.507350
4,BUILDING,Main Block,55,200,LOW,SIMULATED,2026-10-02T22:56:28.507350
4,BUILDING,Main Block,34,200,LOW,SIMULATED,2026-10-02T23:56:28.507350
4,BUILDING,Main Block,52,200,LOW,SIMULATED,2026-10-03T00:56:28.507350
4,BUILDING,Main Block,61,200,LOW,SIMULATED,2026-10-03T01:56:28.507350
4,BUILDING,Main Block,56,200,LOW,SIMULATED,2026-10-03T02:56:28.507350
4,BUILDING,Main Block,61,200,LOW,SIMULATED,2026-10-03T03:56:28.507350
4,BUILDING,Main Block,55,200,LOW,SIMULATED,2026-10-03T04:56:28.507350
4,BUILDING,Main Block,43,200,LOW,SIMULATED,2026-10-03T05:56:28.507350
4,BUILDING,Main Block,31,200,LOW,SIMULATED,2026-10-03T06:56:28.507350
4,BUILDING,Main Block,69,200,LOW,SIMULATED,2026-10-03T07:56:28.507350
4,BUILDING,Main Block,47,200,LOW,SIMULATED,2026-10-03T08:56:28.507350
4,BUILDING,Main Block,54,200,LOW,SIMULATED,2026-10-03T09:56:28.507350
4,BUILDING,Main Block,91,200,MEDIUM,SIMULATED,2026-10-03T10:56:28.507350
4,BUILDING,Main Block,92,200,MEDIUM,SIMULATED,2026-10-03T11:56:28.507350
4,BUILDING,Main Block,153,200,HIGH,SIMULATED,2026-10-03T12:56:28.507350
4,BUILDING,Main Block,140,200,MEDIUM,SIMULATED,2026-10-03T13:56:28.507350
4,BUILDING,Main Block,187,200,HIGH,SIMULATED,2026-10-03T14:56:28.507350
4,BUILDING,Main Block,182,200,HIGH,SIMULATED,2026-10-03T15:56:28.507350
4,BUILDING,Main Block,122,200,MEDIUM,SIMULATED,2026-10-03T16:56:28.507350
4,BUILDING,Main Block,119,200,MEDIUM,SIMULATED,2026-10-03T17:56:28.507350
4,BUILDING,Main Block,49,200,LOW,SIMULATED,2026-10-03T18:56:28.507350
4,BUILDING,Main Block,59,200,LOW,SIMULATED,2026-10-03T19:56:28.507350
4,BUILDING,Main Block,31,200,LOW,SIMULATED,2026-10-03T20:56:28.507350
4,BUILDING,Main Block,61,200,LOW,SIMULATED,2026-10-03T21:56:28.507350
4,BUILDING,Main Block,53,200,LOW,SIMULATED,2026-10-03T22:56:28.507350
4,BUILDING,Main Block,35,200,LOW,SIMULATED,2026-10-03T23:56:28.507350
4,BUILDING,Main Block,37,200,LOW,SIMULATED,2026-10-04T00:56:28.507350
4,BUILDING,Main Block,57,200,LOW,SIMULATED,2026-10-04T01:56:28.507350
4,BUILDING,Main Block,53,200,LOW,SIMULATED,2026-10-04T02:56:28.507350
4,BUILDING,Main Block,40,200,LOW,SIMULATED,2026-10-04T03:56:28.507350
4,BUILDING,Main Block,42,200,LOW,SIMULATED,2026-10-04T04:56:28.507350
4,BUILDING,Main Block,44,200,LOW,SIMULATED,2026-10-04T05:56:28.507350
4,BUILDING,Main Block,55,200,LOW,SIMULATED,2026-10-04T06:56:28.507350
4,BUILDING,Main Block,66,200,LOW,SIMULATED,2026-10-04T07:56:28.507350
4,BUILDING,Main Block,49,200,LOW,SIMULATED,2026-10-04T08:56:28.507350
4,BUILDING,Main Block,59,200,LOW,SIMULATED,2026-10-04T09:56:28.507350
4,BUILDING,Main Block,85,200,MEDIUM,SIMULATED,2026-10-04T10:56:28.507350
4,BUILDING,Main Block,93,200,MEDIUM,SIMULATED,2026-10-04T11:56:28.507350
4,BUILDING,Main Block,156,200,HIGH,SIMULATED,2026-10-04T12:56:28.507350
4,BUILDING,Main Block,146,200,HIGH,SIMULATED,2026-10-04T13:56:28.507350
4,BUILDING,Main Block,182,200,HIGH,SIMULATED,2026-10-04T14:56:28.507350
4,BUILDING,Main Block,172,200,HIGH,SIMULATED,2026-10-04T15:56:28.507350
4,BUILDING,Main Block,119,200,MEDIUM,SIMULATED,2026-10-04T16:56:28.507350
4,BUILDING,Main Block,125,200,MEDIUM,SIMULATED,2026-10-04T17:56:28.507350
4,BUILDING,Main Block,57,200,LOW,SIMULATED,2026-10-04T18:56:28.507350
4,BUILDING,Main Block,49,200,LOW,SIMULATED,2026-10-04T19:56:28.507350
4,BUILDING,Main Block,53,200,LOW,SIMULATED,2026-10-04T20:56:28.507350
4,BUILDING,Main Block,45,200,LOW,SIMULATED,2026-10-04T21:56:28.507350
4,BUILDING,Main Block,59,200,LOW,SIMULATED,2026-10-04T22:56:28.507350
4,BUILDING,Main Block,46,200,LOW,SIMULATED,2026-10-04T23:56:28.507350
